domain,zero_shot_accuracy,few_shot_accuracy,improvement_percent,sample_size
medical,0.6345140698312991,0.8751287825795335,37.92109965539577,5
legal,0.5724725452333649,0.8121360599795775,41.86463032013444,5
